Feature Id,Importances
area,52.73572438558055
bairro,23.936934999678783
garages,12.795642839984557
bathrooms,6.8215839974426675
rooms,3.71011377731345
